path,size,gen,kind,instr_valid,instr_total,fm,midi,syn02,syn04,syn08,track_count,max_fill,row_count,tempo,speed
../MEDIT/ALL.LAP,92334,4,Adlib,51,52,51,0,0,51,0,11,11,83,2,6
../MEDIT/CAVES.SCC,3518,8,MIDI,2,3,0,2,0,0,2,3,3,6,33,6
../MEDIT/GUITAR.SCC,5262,8,Mixed,14,15,8,6,0,8,6,3,3,4,33,6
../MEDIT/SAVAGE.SCC,2832,8,MIDI,4,5,0,4,0,0,4,4,4,4,33,6
../MEDIT/TEST.LAP,6046,0,Adlib,5,6,5,0,0,5,0,6,6,10,33,6
../MEDIT/ULTIMISH.SCC,3434,8,MIDI,4,5,0,4,0,0,4,4,4,5,33,6
../MEDIT/UNTITLED.MED,5121,129,Adlib,1,1,1,0,0,0,0,1,1,1,33,6
../MEDIT/WC2FUNE.SCC,2650,8,MIDI,5,6,0,5,0,0,5,4,4,4,33,6
../MEDIT/ADLMUSIC/OD1.ALB,1684,0,Adlib,7,8,7,0,7,0,0,7,7,1,33,6
../MEDIT/ADLMUSIC/SHUTIT/BAZ.ALB,11158,0,Adlib,13,14,13,0,8,4,0,8,8,14,50,6
../MEDIT/ADLMUSIC/SHUTIT/INGAME2.ADL,10994,0,Adlib,11,12,11,0,7,4,0,14,14,22,50,5
../MEDIT/ADLMUSIC/SHUTIT/INGAME3.ADL,11686,0,Adlib,7,8,7,0,7,0,0,14,14,20,50,8
../MEDIT/ADLMUSIC/SHUTIT/INGAME4.ADL,20026,0,Adlib,11,12,11,0,8,3,0,7,7,21,50,6
../MEDIT/ADLMUSIC/SHUTIT/INGAME6.ADL,16184,0,Mixed,12,13,11,1,11,1,0,8,8,15,50,7
../MEDIT/ADLMUSIC/SHUTIT/TITLE.ADL,6604,0,Adlib,10,11,10,0,6,4,0,7,7,4,50,6
../MEDIT/ADLMUSIC/TFX/COLUMBIA.ADL,9496,2,Adlib,12,18,12,0,12,0,0,14,14,15,50,6
../MEDIT/ADLMUSIC/TFX/DEATH.RLD,7092,2,Adlib,18,19,18,0,16,2,0,16,16,14,50,6
../MEDIT/ADLMUSIC/TFX/ENROL.ADL,9842,2,Mixed,21,22,19,2,9,10,2,8,7,10,50,6
../MEDIT/ADLMUSIC/TFX/FXONLY.ADL,8294,2,Adlib,31,63,31,0,22,9,0,10,10,33,33,6
../MEDIT/ADLMUSIC/TFX/INTER.ADL,8462,2,Adlib,11,14,11,0,6,5,0,7,7,18,50,6
../MEDIT/ADLMUSIC/TFX/INTRO.ADL,32262,2,Adlib,26,46,26,0,26,0,0,8,8,35,50,4
../MEDIT/ADLMUSIC/TFX/INTRO.RLD,39056,2,Adlib,34,35,34,0,8,26,0,8,8,34,50,4
../MEDIT/ADLMUSIC/TFX/INTRO.SCC,34722,2,Mixed,24,40,14,10,14,0,10,8,8,35,50,4
../MEDIT/ADLMUSIC/TFX/LIBYA.RLD,16138,2,Adlib,12,13,12,0,10,2,0,7,7,16,50,6
../MEDIT/ADLMUSIC/TFX/NEWS.ADL,6488,2,Adlib,10,15,10,0,10,0,0,9,9,10,50,6
../MEDIT/ADLMUSIC/TFX/OCEAN.RLD,4160,2,Adlib,6,7,6,0,6,0,0,12,12,10,50,4
../MEDIT/ADLMUSIC/TFX/SOMALIA.RLD,8556,2,Adlib,9,10,9,0,9,0,0,10,10,20,50,6
../MEDIT/ADLMUSIC/TFX/YUGO.RLD,13014,2,Adlib,15,26,15,0,13,2,0,16,16,25,50,8
../MEDIT/ADLMUSIC/TFX/FLYING/1UNSUC.ADL,16006,2,Mixed,15,22,12,3,11,1,3,7,7,10,50,6
../MEDIT/ADLMUSIC/TFX/FLYING/2SUCC.ADL,20774,2,Mixed,44,45,40,4,9,31,4,8,8,10,50,6
../MEDIT/ADLMUSIC/TFX/FLYING/3-9TUNES.ADL,18312,2,Adlib,44,45,44,0,20,24,0,8,8,9,50,6
../MEDIT/ADLMUSIC/TFX/FLYING/AIRBATLE.ADL,18218,2,Mixed,17,38,16,1,12,4,1,8,8,13,50,6
../MEDIT/ADLMUSIC/TFX/FLYING/AIRSUPER.ADL,22710,2,Mixed,17,18,14,3,14,0,3,8,8,21,50,6
../MEDIT/ADLMUSIC/TFX/FLYING/ANTIARMR.ADL,15484,2,Mixed,16,17,15,1,12,3,1,8,8,24,50,7
../MEDIT/ADLMUSIC/TFX/FLYING/CLOSEAIR.ADL,13016,2,Mixed,14,15,11,3,11,0,3,8,8,27,50,6
../MEDIT/ADLMUSIC/TFX/FLYING/DEFSUPP.ADL,12492,2,Mixed,15,34,14,1,10,4,1,8,8,32,50,6
../MEDIT/ADLMUSIC/TFX/FLYING/INTERCEP.ADL,26294,2,Mixed,33,44,31,2,12,19,2,8,8,16,50,7
../MEDIT/ADLMUSIC/TFX/FLYING/INTERDCT.ADL,20498,2,Mixed,23,24,21,2,15,6,2,14,14,21,50,6
../MEDIT/ADLMUSIC/TFX/FLYING/LANDBATL.ADL,18412,2,Adlib,27,44,27,0,11,16,0,8,8,13,50,6
../MEDIT/ADLMUSIC/TFX/FLYING/MARITIME.ADL,31780,2,Mixed,27,42,24,3,15,9,3,16,16,27,50,6
../MEDIT/ADLMUSIC/TFX/FLYING/SEABATLE.ADL,21798,2,Mixed,25,43,23,2,8,15,2,10,10,21,50,6
../MEDIT/INFERNO/TITLE.SCC,24712,8,Mixed,15,16,1,14,0,1,14,16,16,26,50,6
../MEDIT/INFERNO/ADLIB/@9K16M08.SAV,7454,2,Adlib,7,8,7,0,7,0,0,6,5,9,33,6
../MEDIT/INFERNO/ADLIB/@9KF6604.SAV,12674,2,Adlib,16,17,16,0,14,2,0,7,7,31,50,6
../MEDIT/INFERNO/ADLIB/BADNEWS.ADL,3662,2,Adlib,7,8,7,0,7,0,0,6,6,6,33,6
../MEDIT/INFERNO/ADLIB/DEATH.ADL,7842,2,Mixed,8,9,6,2,6,0,2,8,8,6,50,6
../MEDIT/INFERNO/ADLIB/DRAMATIC.ADL,2772,2,Adlib,4,5,4,0,4,0,0,7,7,8,33,6
../MEDIT/INFERNO/ADLIB/HAPFINAL.ADL,7226,2,Adlib,7,8,7,0,7,0,0,6,5,9,33,6
../MEDIT/INFERNO/ADLIB/HAPPY.ADL,8366,2,Adlib,11,12,11,0,9,2,0,8,7,15,33,6
../MEDIT/INFERNO/ADLIB/HUMAN.ADL,14662,2,Adlib,12,13,12,0,12,0,0,7,7,23,33,6
../MEDIT/INFERNO/ADLIB/HUMATMOS.ADL,14756,2,Adlib,13,14,13,0,10,3,0,8,8,9,50,6
../MEDIT/INFERNO/ADLIB/MOON.ADL,13796,2,Adlib,14,21,14,0,14,0,0,8,8,22,50,8
../MEDIT/INFERNO/ADLIB/PLANET1.ADL,26580,2,Adlib,20,21,20,0,20,0,0,16,16,39,50,6
../MEDIT/INFERNO/ADLIB/PLANET2.ADL,44362,2,Mixed,14,15,13,1,13,0,1,8,8,28,50,7
../MEDIT/INFERNO/ADLIB/REXATMOS.ADL,14966,2,Adlib,14,15,14,0,14,0,0,7,7,24,50,6
../MEDIT/INFERNO/ADLIB/REXXON.ADL,17816,2,Adlib,15,16,15,0,15,0,0,7,7,24,50,6
../MEDIT/INFERNO/ADLIB/SADFINAL.ADL,14192,2,Adlib,31,32,31,0,4,27,0,4,4,7,50,6
../MEDIT/INFERNO/ADLIB/SPACE1.ADL,24228,2,Adlib,19,22,19,0,19,0,0,9,9,53,54,4
../MEDIT/INFERNO/ADLIB/SPACE2.ADL,12674,2,Adlib,16,17,16,0,14,2,0,7,7,31,50,6
../MEDIT/INFERNO/ADLIB/TAKEOFF.ADL,11216,2,Adlib,17,22,17,0,11,6,0,8,8,8,50,7
../MEDIT/INFERNO/ADLIB/TITLE.ADL,22900,2,Adlib,29,30,29,0,23,6,0,16,16,25,50,6
../MEDIT/INFERNO/LAPC1/@9CU760U.SAV,9082,4,Adlib,7,8,7,0,0,7,0,6,6,9,33,6
../MEDIT/INFERNO/LAPC1/BADNEWS.LAP,5566,4,Adlib,7,8,7,0,0,7,0,6,6,6,33,6
../MEDIT/INFERNO/LAPC1/DEATH.LAP,10010,4,Mixed,10,11,8,2,0,8,2,8,8,6,50,6
../MEDIT/INFERNO/LAPC1/DRAMATIC.LAP,3784,4,Adlib,4,5,4,0,0,4,0,7,7,8,33,6
../MEDIT/INFERNO/LAPC1/HAPFINAL.LAP,9082,4,Adlib,7,8,7,0,0,7,0,6,6,9,33,6
../MEDIT/INFERNO/LAPC1/HAPPY.LAP,10240,4,Adlib,11,12,11,0,0,11,0,7,7,15,33,6
../MEDIT/INFERNO/LAPC1/HUMAN.LAP,18456,4,Adlib,13,14,13,0,2,11,0,7,7,23,33,6
../MEDIT/INFERNO/LAPC1/HUMATMOS.LAP,16808,4,Adlib,13,14,13,0,2,11,0,8,8,9,50,6
../MEDIT/INFERNO/LAPC1/MOON.LAP,17456,4,Adlib,14,21,14,0,0,14,0,8,8,22,50,8
../MEDIT/INFERNO/LAPC1/PLANET1.LAP,31928,4,Adlib,20,21,20,0,0,20,0,16,16,39,50,6
../MEDIT/INFERNO/LAPC1/PLANET2.LAP,47662,4,Adlib,16,22,16,0,2,14,0,8,8,28,50,7
../MEDIT/INFERNO/LAPC1/REXATMOS.LAP,23400,4,Adlib,31,32,31,0,0,31,0,7,7,24,50,6
../MEDIT/INFERNO/LAPC1/REXXON.LAP,26168,4,Adlib,31,32,31,0,0,31,0,7,7,24,50,6
../MEDIT/INFERNO/LAPC1/SADFINAL.LAP,15104,4,Adlib,31,32,31,0,0,31,0,4,4,7,50,6
../MEDIT/INFERNO/LAPC1/SPACE1.RLD,28900,4,Adlib,19,22,19,0,0,19,0,9,9,54,54,4
../MEDIT/INFERNO/LAPC1/SPACE2.LAP,16110,4,Adlib,16,17,16,0,0,16,0,7,7,31,50,6
../MEDIT/INFERNO/LAPC1/TAKEOFF.LAP,12172,4,Adlib,11,12,11,0,0,11,0,8,8,8,50,7
../MEDIT/INFERNO/LAPC1/TITLE.LAP,29940,4,Adlib,29,30,29,0,0,29,0,16,16,25,50,6
../MEDIT/INFERNO/SCC1/BADNEWS.SCC,6282,8,Mixed,7,8,3,4,0,3,4,8,8,7,33,6
../MEDIT/INFERNO/SCC1/DEATH.SCC,8786,8,MIDI,8,9,0,8,0,0,8,8,8,7,50,6
../MEDIT/INFERNO/SCC1/DRAMATIC.SCC,4086,8,MIDI,5,6,0,5,0,0,5,8,8,9,50,6
../MEDIT/INFERNO/SCC1/HAPFINAL.SCC,9222,8,Mixed,7,8,3,4,0,3,4,8,8,10,33,6
../MEDIT/INFERNO/SCC1/HAPPY.SCC,12462,8,Mixed,11,12,6,5,0,6,5,8,8,16,33,6
../MEDIT/INFERNO/SCC1/HUMAN.SCC,22108,8,Mixed,12,13,4,8,4,0,8,8,8,24,33,6
../MEDIT/INFERNO/SCC1/HUMATMOS.SCC,15764,8,Mixed,13,14,9,4,2,7,4,8,8,10,50,6
../MEDIT/INFERNO/SCC1/MOON.SCC,14966,8,MIDI,11,12,0,11,0,0,11,8,8,23,50,8
../MEDIT/INFERNO/SCC1/PLANET1.SCC,37070,8,Mixed,20,21,9,11,0,9,11,16,16,40,50,6
../MEDIT/INFERNO/SCC1/PLANET2.SCC,49404,8,MIDI,11,12,0,11,0,0,11,8,8,29,50,7
../MEDIT/INFERNO/SCC1/REXATMOS.SCC,22392,8,Mixed,31,32,27,4,0,27,4,8,8,10,50,6
../MEDIT/INFERNO/SCC1/REXXON.SCC,25086,8,Mixed,31,32,19,12,0,19,12,8,8,25,50,6
../MEDIT/INFERNO/SCC1/SADFINAL.SCC,14944,8,Mixed,31,32,27,4,0,27,4,8,8,8,50,6
../MEDIT/INFERNO/SCC1/SPACE1.SCC,26118,8,MIDI,16,17,0,16,0,0,16,9,9,54,54,4
../MEDIT/INFERNO/SCC1/SPACE2.SCC,15416,8,Mixed,16,17,6,10,0,6,10,8,8,32,50,6
../MEDIT/INFERNO/SCC1/TAKEOFF.SCC,12512,8,Mixed,11,12,4,7,0,4,7,8,8,9,50,7
../MEDIT/INFERNO/SCC1/TITLE.SCC,24712,8,Mixed,15,16,1,14,0,1,14,16,16,26,50,6
../MEDIT/LAPMUSIC/JUNGLE.RLD,23366,4,Adlib,12,32,12,0,0,12,0,7,7,26,50,6
../MEDIT/LAPMUSIC/DEAN/BALLAD.RLD,8644,0,Adlib,10,11,10,0,0,10,0,16,16,10,50,7
../MEDIT/LAPMUSIC/DEAN/CAK.SNS,40298,129,Adlib,15,16,15,0,0,0,0,9,9,14,50,6
../MEDIT/LAPMUSIC/DEAN/CHEESE.SNS,60460,129,Adlib,11,12,11,0,0,0,0,8,8,20,50,6
../MEDIT/LAPMUSIC/DEAN/DENNIS.RLD,15900,0,Adlib,9,10,9,0,0,9,0,12,12,32,50,4
../MEDIT/LAPMUSIC/DEAN/DREAMY.RLD,7322,4,Adlib,11,12,11,0,0,11,0,6,6,10,33,6
../MEDIT/LAPMUSIC/DEAN/DREAMY2.RLD,6792,4,Adlib,11,12,11,0,0,11,0,7,7,4,33,6
../MEDIT/LAPMUSIC/DEAN/FLOYDISH.SC1,5884,8,MIDI,11,12,0,11,0,0,11,8,8,10,33,6
../MEDIT/LAPMUSIC/DEAN/GALLEON.RLD,12462,4,Adlib,10,11,10,0,0,10,0,10,10,17,50,7
../MEDIT/LAPMUSIC/DEAN/GALLEON.SCC,11370,8,Mixed,10,11,2,8,0,2,8,10,10,17,50,7
../MEDIT/LAPMUSIC/DEAN/GITTEST.RLD,6684,4,Adlib,11,12,11,0,0,11,0,7,7,1,50,5
../MEDIT/LAPMUSIC/DEAN/JINGLE.ADL,3948,2,Adlib,7,14,7,0,6,0,0,6,6,4,50,4
../MEDIT/LAPMUSIC/DEAN/JINGLE.RLD,7690,4,Adlib,13,14,13,0,0,13,0,14,14,4,50,4
../MEDIT/LAPMUSIC/DEAN/JUNGLE2.SC1,11684,8,MIDI,8,9,0,8,0,0,8,7,7,27,50,8
../MEDIT/LAPMUSIC/DEAN/MELLOW.RLD,5056,0,Adlib,7,8,7,0,0,7,0,7,7,6,33,4
../MEDIT/LAPMUSIC/DEAN/MENU.ADL,8468,0,Adlib,11,12,11,0,4,6,0,16,16,6,50,7
../MEDIT/LAPMUSIC/DEAN/MENU.RLD,9152,0,Adlib,11,12,11,0,0,11,0,16,16,6,50,7
../MEDIT/LAPMUSIC/DEAN/OPERA.RLD,2582,0,Adlib,2,3,2,0,0,2,0,10,10,1,50,2
../MEDIT/LAPMUSIC/DEAN/SPOOKY.RLD,3876,0,Adlib,5,6,5,0,0,5,0,6,6,4,33,6
../MEDIT/LAPMUSIC/DEAN/TEST.SNS,48796,129,Adlib,11,12,11,0,0,0,0,8,8,20,50,6
../MEDIT/LAPMUSIC/INFERNO/BALLAD.RLD,6406,0,Adlib,9,11,9,0,0,9,0,12,12,6,50,7
../MEDIT/LAPMUSIC/INFERNO/BANK1.RLD,111222,0,Adlib,62,63,62,0,0,62,0,16,16,56,50,4
../MEDIT/LAPMUSIC/INFERNO/BASIC.RLD,92998,0,Adlib,62,63,62,0,0,62,0,16,16,30,50,4
../MEDIT/LAPMUSIC/INFERNO/BLOCK1.RLD,90276,0,Adlib,62,63,62,0,0,62,0,16,16,77,50,4
../MEDIT/LAPMUSIC/INFERNO/BRIEFING.RLD,8762,4,Adlib,7,8,7,0,0,7,0,7,7,18,50,6
../MEDIT/LAPMUSIC/INFERNO/DEATH.RLD,15400,0,Adlib,20,21,20,0,0,20,0,16,16,14,50,6
../MEDIT/LAPMUSIC/INFERNO/DEATH2.RLD,19668,0,Adlib,63,64,63,0,0,63,0,8,8,1,33,6
../MEDIT/LAPMUSIC/INFERNO/FLYING1.RLD,91856,0,Adlib,55,56,55,0,0,55,0,16,16,44,50,4
../MEDIT/LAPMUSIC/INFERNO/FLYING2.RLD,108444,0,Adlib,63,64,63,0,0,63,0,16,16,63,50,4
../MEDIT/LAPMUSIC/INFERNO/FLYING3.RLD,112178,0,Adlib,64,65,64,0,0,64,0,16,16,65,50,4
../MEDIT/LAPMUSIC/INFERNO/FLYING4.RLD,111900,0,Adlib,63,64,63,0,0,63,0,16,16,65,50,4
../MEDIT/LAPMUSIC/INFERNO/INTRO.LAP,51358,0,Adlib,47,48,47,0,0,47,0,16,16,34,50,4
../MEDIT/LAPMUSIC/INFERNO/TEST.BAZ,13098,0,Unknown,0,0,0,0,0,0,0,0,0,0,0,0
../MEDIT/LAPMUSIC/INFERNO/FINAL/BRIEFING.RLD,24752,0,Adlib,47,48,47,0,0,47,0,12,12,12,50,4
../MEDIT/LAPMUSIC/INFERNO/FINAL/COLUMBIA.RLD,12970,0,Adlib,16,17,16,0,0,16,0,14,14,11,50,6
../MEDIT/LAPMUSIC/INFERNO/FINAL/INTRO.LAP,51502,0,Adlib,47,48,47,0,0,47,0,8,8,34,50,4
../MEDIT/LAPMUSIC/INFERNO/SEPARATE/AIR.RLD,98454,0,Adlib,62,63,62,0,0,62,0,16,16,65,50,6
../MEDIT/LAPMUSIC/INFERNO/SEPARATE/BATTLE.RLD,112060,0,Adlib,63,64,63,0,0,63,0,16,16,13,50,4
../MEDIT/LAPMUSIC/INFERNO/SEPARATE/BATTLE2.RLD,96892,4,Adlib,63,64,63,0,0,63,0,16,16,13,50,4
../MEDIT/LAPMUSIC/INFERNO/SEPARATE/BLOCK1.LAP,98454,0,Adlib,62,63,62,0,0,62,0,16,16,65,50,6
../MEDIT/LAPMUSIC/INFERNO/SEPARATE/FAILED.RLD,36042,0,Adlib,62,63,62,0,0,62,0,16,16,11,50,4
../MEDIT/LAPMUSIC/INFERNO/SEPARATE/FIXED.L2,61894,4,Adlib,1,1,1,0,0,0,0,16,16,81,50,6
../MEDIT/LAPMUSIC/INFERNO/SEPARATE/FIXED.LAP,93568,0,Adlib,62,63,62,0,0,62,0,16,16,81,50,6
../MEDIT/LAPMUSIC/INFERNO/SEPARATE/INTERCEP.RLD,112060,0,Adlib,63,64,63,0,0,63,0,16,16,21,50,4
../MEDIT/LAPMUSIC/INFERNO/SEPARATE/INTERDIC.RLD,112060,0,Adlib,63,64,63,0,0,63,0,16,16,20,50,4
../MEDIT/LAPMUSIC/INFERNO/SEPARATE/MARITME.RLD,89444,0,Adlib,62,63,62,0,0,62,0,16,16,26,50,4
../MEDIT/LAPMUSIC/INFERNO/SEPARATE/NOINSTS.LAP,71200,0,MIDI,1,1,0,1,0,0,0,16,16,55,50,6
../MEDIT/LAPMUSIC/INFERNO/SEPARATE/SUCCESS.RLD,89412,0,Adlib,62,63,62,0,0,62,0,16,16,10,50,4
../MEDIT/LAPMUSIC/ODYSSEY/ASFP1.RLD,10106,4,Adlib,14,15,14,0,0,14,0,16,16,7,50,6
../MEDIT/LAPMUSIC/ODYSSEY/ASFP1B.RLD,29940,4,Adlib,29,30,29,0,0,29,0,16,16,25,50,6
../MEDIT/LAPMUSIC/ODYSSEY/DEATH.RLD,2322,0,Adlib,4,5,4,0,0,4,0,5,5,1,33,6
../MEDIT/LAPMUSIC/ODYSSEY/FX.LAP,5742,4,Adlib,13,63,13,0,0,13,0,4,4,14,33,6
../MEDIT/LAPMUSIC/ODYSSEY/INGAME1.RLD,9804,0,Adlib,21,32,21,0,0,21,0,4,4,6,33,6
../MEDIT/LAPMUSIC/ODYSSEY/LOGO.RLD,4220,0,Adlib,7,8,7,0,0,7,0,14,14,5,50,6
../MEDIT/LAPMUSIC/ODYSSEY/LOGO2.RLD,4942,2,Adlib,10,11,10,0,0,10,0,14,6,3,50,6
../MEDIT/LAPMUSIC/ODYSSEY/TITLE.RLD,25870,0,Adlib,62,63,62,0,0,62,0,12,12,11,50,6
../MEDIT/LAPMUSIC/ODYSSEY/TITLE2.RLD,22804,0,Adlib,62,63,62,0,0,62,0,4,4,2,50,6
../MEDIT/LAPMUSIC/ODYSSEY/TITLEX.RLD,50138,0,Adlib,62,63,62,0,0,62,0,12,12,30,50,6
../MEDIT/LAPMUSIC/ODYSSEY/WEIRD.RLD,13452,0,Adlib,16,17,16,0,0,16,0,10,10,9,50,6
../MEDIT/LAPMUSIC/ODYSSEY/X.RLD,42794,0,Adlib,62,63,62,0,0,62,0,12,12,28,50,10
../MEDIT/LAPMUSIC/ODYSSEY/X.X,41562,0,Adlib,62,63,62,0,0,62,0,12,12,28,50,10
../MEDIT/LAPMUSIC/SHUTIT/1.ALB,14754,0,Adlib,13,14,13,0,4,7,0,8,8,14,50,6
../MEDIT/LAPMUSIC/SHUTIT/1.RLD,15554,0,Adlib,13,14,13,0,0,13,0,8,8,14,50,6
../MEDIT/LAPMUSIC/SHUTIT/2.RLD,7802,0,Adlib,7,8,7,0,0,7,0,4,4,22,50,6
../MEDIT/LAPMUSIC/SHUTIT/3.RLD,7802,0,Adlib,7,8,7,0,0,7,0,4,4,22,50,6
../MEDIT/LAPMUSIC/SHUTIT/4.RLD,16504,0,Adlib,10,11,10,0,0,10,0,6,6,21,50,6
../MEDIT/LAPMUSIC/SHUTIT/INGAME3.RLD,14630,0,Adlib,7,8,7,0,0,7,0,7,7,20,33,5
../MEDIT/LAPMUSIC/SHUTIT/INGAME6.RLD,16950,0,Adlib,10,11,10,0,0,10,0,8,8,15,34,5
../MEDIT/LAPMUSIC/SHUT_IT/GAME_7.ADL,8694,0,Adlib,10,11,10,0,10,0,0,16,16,8,22,2
../MEDIT/LAPMUSIC/SHUT_IT/GAME_7.RLD,8386,0,Adlib,8,9,8,0,0,8,0,16,16,8,22,2
../MEDIT/LAPMUSIC/SHUT_IT/GAME_9.ADL,12830,0,Adlib,9,11,9,0,9,0,0,16,16,12,50,6
../MEDIT/LAPMUSIC/SHUT_IT/GAME_9.RLD,13878,0,Adlib,9,11,9,0,0,9,0,16,16,12,50,6
../MEDIT/LAPMUSIC/SHUT_IT/INGAME1.RLD,15554,0,Adlib,13,14,13,0,0,13,0,8,8,14,50,6
../MEDIT/LAPMUSIC/SHUT_IT/INGAME2.ADL,10994,0,Adlib,11,12,11,0,7,4,0,14,14,22,50,5
../MEDIT/LAPMUSIC/SHUT_IT/INGAME2.RLD,16014,0,Adlib,11,12,11,0,0,11,0,14,14,22,50,5
../MEDIT/LAPMUSIC/SHUT_IT/INGAME3.ADL,11686,0,Adlib,7,8,7,0,7,0,0,14,14,20,50,8
../MEDIT/LAPMUSIC/SHUT_IT/INGAME3.RLD,14630,0,Adlib,7,8,7,0,0,7,0,14,14,20,50,8
../MEDIT/LAPMUSIC/SHUT_IT/INGAME4.ADL,20026,0,Adlib,11,12,11,0,8,3,0,7,7,21,50,6
../MEDIT/LAPMUSIC/SHUT_IT/INGAME4.RLD,17102,0,Adlib,11,12,11,0,0,11,0,7,7,21,50,6
../MEDIT/LAPMUSIC/SHUT_IT/INGAME6.ADL,16184,0,Mixed,12,13,11,1,11,1,0,8,8,15,50,7
../MEDIT/LAPMUSIC/SHUT_IT/INGAME6.RLD,18700,0,Adlib,10,11,10,0,0,10,0,8,8,15,48,7
../MEDIT/LAPMUSIC/SHUT_IT/TITLE.ADL,6604,0,Adlib,10,11,10,0,6,4,0,7,7,4,50,6
../MEDIT/LAPMUSIC/SHUT_IT/TITLE.RLD,8072,0,Adlib,10,11,10,0,0,10,0,6,6,4,50,6
../MEDIT/LAPMUSIC/TFX/COLUMBIA.RLD,12970,0,Adlib,16,17,16,0,0,16,0,14,14,11,50,6
../MEDIT/LAPMUSIC/TFX/ENROL.RLD,11944,4,Adlib,21,22,21,0,0,21,0,8,8,10,50,6
../MEDIT/LAPMUSIC/TFX/FAILED.RLD,22362,0,Adlib,14,15,14,0,0,14,0,16,16,11,50,4
../MEDIT/LAPMUSIC/TFX/FX.RLD,9344,4,Adlib,22,63,22,0,0,22,0,10,10,23,33,6
../MEDIT/LAPMUSIC/TFX/LIBYA.RLD,18640,4,Adlib,11,12,11,0,0,11,0,7,7,16,50,6
../MEDIT/LAPMUSIC/TFX/MARITME.RLD,47760,0,Adlib,26,27,26,0,0,26,0,16,16,26,50,4
../MEDIT/LAPMUSIC/TFX/NEWS.RLD,9060,4,Adlib,13,14,13,0,0,13,0,7,7,10,50,6
../MEDIT/LAPMUSIC/TFX/NEWS2.RLD,10984,4,Adlib,7,8,7,0,0,7,0,4,4,10,33,6
../MEDIT/LAPMUSIC/TFX/SOMALIA.RLD,9012,4,Adlib,9,10,9,0,0,9,0,10,10,20,50,6
../MEDIT/LAPMUSIC/TFX/SUCCESS.RLD,17978,0,Adlib,23,24,23,0,0,23,0,7,7,10,50,4
../MEDIT/LAPMUSIC/TFX/YUGO.RLD,18806,4,Adlib,15,16,15,0,0,15,0,16,16,25,50,8
../MEDIT/LAPMUSIC/TFX/BLOCKS/AIR.RLD,57648,4,Adlib,46,47,46,0,0,46,0,16,16,45,50,6
../MEDIT/LAPMUSIC/TFX/BLOCKS/INTERCPT.LAP,66166,4,Adlib,28,29,28,0,0,28,0,16,16,45,50,4
../MEDIT/LAPMUSIC/TFX/BLOCKS/INTERDIC.LAP,61214,4,Adlib,35,36,35,0,0,35,0,16,16,44,50,4
../MEDIT/LAPMUSIC/TFX/BLOCKS/MARITIME.LAP,106180,4,Adlib,45,46,45,0,0,45,0,16,16,90,50,6
../MEDIT/LAPMUSIC/TFX/BLOCKS/SEP/NOFLY.RLD,59024,4,Adlib,40,41,40,0,0,40,0,8,8,43,50,6
../MEDIT/LAPMUSIC/TFX/BLOCKS/SEP/AIRSUPER/ALL.LAP,82080,4,Adlib,44,45,44,0,0,44,0,8,8,62,50,6
../MEDIT/LAPMUSIC/TFX/BLOCKS/SEP/AIRSUPER/ALL2.LAP,81994,4,Adlib,44,45,44,0,0,44,0,8,8,62,50,6
../MEDIT/LAPMUSIC/TFX/BLOCKS/SEP/ANTIARMR/ALL.LAP,85672,4,Adlib,44,45,44,0,0,44,0,8,8,78,50,6
../MEDIT/LAPMUSIC/TFX/BLOCKS/SEP/ANTIARMR/ANTIARM.INS,15016,4,Adlib,44,45,44,0,0,44,0,7,1,1,50,6
../MEDIT/LAPMUSIC/TFX/BLOCKS/SEP/ANTIARMR/BANK1.LAP,21498,4,Unknown,0,1,0,0,0,0,0,8,8,20,50,6
../MEDIT/LAPMUSIC/TFX/BLOCKS/SEP/ANTIARMR/BANK2.LAP,52636,4,Adlib,1,1,1,0,0,0,0,8,8,58,50,6
../MEDIT/LAPMUSIC/TFX/BLOCKS/SEP/ANTIARMR/COLIN.LAP,85672,4,Adlib,44,45,44,0,0,44,0,8,8,78,50,6
../MEDIT/LAPMUSIC/TFX/BLOCKS/SEP/ANTIARMR/COLIN2.LAP,72446,4,Adlib,1,1,1,0,0,0,0,8,8,78,50,6
../MEDIT/LAPMUSIC/TFX/BLOCKS/SEP/CLOSEAIR/ALL.LAP,92158,4,Adlib,51,52,51,0,0,51,0,11,11,83,2,6
../MEDIT/LAPMUSIC/TFX/BLOCKS/SEP/CLOSEAIR/ALL2.LAP,90982,4,Adlib,47,48,47,0,0,47,0,11,11,83,2,6
../MEDIT/LAPMUSIC/TFX/BLOCKS/SEP/DEFSSUPR/ALL.LAP,88244,4,Adlib,51,52,51,0,0,51,0,8,8,86,50,6
../MEDIT/LAPMUSIC/TFX/BLOCKS/SEP/DEFSSUPR/ALL2.LAP,87362,4,Adlib,48,49,48,0,0,48,0,8,8,86,50,6
../MEDIT/LAPMUSIC/TFX/BLOCKS/SEP/INTERCEP/ALL.LAP,97182,4,Adlib,45,46,45,0,0,45,0,8,8,70,50,6
../MEDIT/LAPMUSIC/TFX/BLOCKS/SEP/INTERCEP/GROUND2.LAP,86932,4,Adlib,44,45,44,0,0,44,0,8,8,65,50,7
../MEDIT/LAPMUSIC/TFX/BLOCKS/SEP/INTERCEP/GROUND3.LAP,89114,4,Adlib,45,46,45,0,0,45,0,8,8,65,50,7
../MEDIT/LAPMUSIC/TFX/BLOCKS/SEP/INTERDIC/ALL.LAP,72756,4,Adlib,43,44,43,0,0,43,0,8,8,56,50,6
../MEDIT/LAPMUSIC/TFX/BLOCKS/SEP/MARITIME/ALL.LAP,105886,4,Adlib,44,45,44,0,0,44,0,16,16,90,50,6
../MEDIT/LAPMUSIC/TFX/FLYING/BATTLE.RLD,23300,4,Adlib,18,19,18,0,0,18,0,16,16,13,50,4
../MEDIT/LAPMUSIC/TFX/FLYING/FAILED.RLD,19380,4,Adlib,13,14,13,0,0,13,0,16,16,11,50,4
../MEDIT/LAPMUSIC/TFX/FLYING/INTERCPT.RLD,31198,4,Adlib,16,17,16,0,0,16,0,8,8,21,50,4
../MEDIT/LAPMUSIC/TFX/FLYING/INTERDCT.RLD,26582,4,Adlib,23,24,23,0,0,23,0,14,14,20,50,4
../MEDIT/LAPMUSIC/TFX/FLYING/MARITME.RLD,36614,4,Adlib,22,23,22,0,0,22,0,16,16,26,50,4
../MEDIT/LAPMUSIC/TFX/FLYING/SUCCESS.RLD,13770,4,Adlib,15,16,15,0,0,15,0,7,7,10,50,4
../MEDIT/LAPMUSIC/TFX/OTHER/COLUMBIA.RLD,12896,4,Adlib,16,17,16,0,0,16,0,14,14,15,50,6
../MEDIT/LAPMUSIC/TFX/OTHER/DEATH.RLD,10952,4,Adlib,18,19,18,0,0,18,0,16,16,14,50,6
../MEDIT/LAPMUSIC/TFX/OTHER/INTRO.RLD,41088,4,Adlib,34,35,34,0,0,34,0,8,8,34,50,4
../MEDIT/LAPMUSIC/TFX/OTHER/LIBYA.RLD,18640,4,Adlib,11,12,11,0,0,11,0,7,7,16,50,6
../MEDIT/LAPMUSIC/TFX/OTHER/NEWS.RLD,9060,4,Adlib,13,14,13,0,0,13,0,7,7,10,50,6
../MEDIT/LAPMUSIC/TFX/OTHER/OCEAN.RLD,6284,4,Adlib,6,7,6,0,0,6,0,12,12,10,50,4
../MEDIT/LAPMUSIC/TFX/OTHER/SOMALIA.RLD,9012,4,Adlib,9,10,9,0,0,9,0,10,10,20,50,6
../MEDIT/LAPMUSIC/TFX/OTHER/YUGO.RLD,18512,4,Adlib,14,15,14,0,0,14,0,16,16,25,50,8
../MEDIT/LAPMUSIC/TFX-FINA/FX&MUS.RLD,9446,4,Adlib,22,63,22,0,0,22,0,10,10,24,33,6
../MEDIT/LAPMUSIC/TFX-FINA/FX.RLD,9736,4,Adlib,23,63,23,0,0,23,0,10,10,24,33,6
../MEDIT/LAPMUSIC/TFX-FINA/FXONLY.RLD,12830,4,Adlib,31,63,31,0,0,31,0,10,10,33,33,6
../MEDIT/LAPMUSIC/TFX-FINA/BLOCKS/AIRSUPER/CLEAN.LAP,80866,4,Adlib,40,41,40,0,0,40,0,8,8,62,50,6
../MEDIT/LAPMUSIC/TFX-FINA/BLOCKS/CLOSEAIR/CLEAN.LAP,89196,4,Adlib,40,41,40,0,0,40,0,11,11,83,50,6
../MEDIT/LAPMUSIC/TFX-FINA/BLOCKS/DEFSSUPR/CLEAN.LAP,85906,4,Adlib,40,41,40,0,0,40,0,8,8,86,50,6
../MEDIT/LAPMUSIC/TFX-FINA/BLOCKS/INTERCEP/CLEAN.LAP,100933,4,Mixed,41,42,40,1,0,40,0,8,8,70,50,6
../MEDIT/LAPMUSIC/TFX-FINA/BLOCKS/INTERDIC/CLEAN.LAP,89454,4,Adlib,40,41,40,0,0,40,0,8,8,75,50,6
../MEDIT/LAPMUSIC/TFX-FINA/BLOCKS/MARITIME/@B9LC70J.SAV,105298,4,Adlib,42,43,42,0,0,42,0,16,16,90,50,6
../MEDIT/LAPMUSIC/TFX-FINA/BLOCKS/MARITIME/@BHLC702.SAV,105298,4,Adlib,42,43,42,0,0,42,0,16,16,90,50,6
../MEDIT/LAPMUSIC/TFX-FINA/BLOCKS/MARITIME/@BPLC70Q.SAV,105298,4,Adlib,42,43,42,0,0,42,0,16,16,90,50,6
../MEDIT/LAPMUSIC/TFX-FINA/BLOCKS/MARITIME/CLEAN.LAP,104710,4,Adlib,40,41,40,0,0,40,0,16,16,90,50,6
../MEDIT/LAPMUSIC/TFX-FINA/OTHER/COLUMBIA.RLD,12896,4,Adlib,16,17,16,0,0,16,0,14,14,15,50,6
../MEDIT/LAPMUSIC/TFX-FINA/OTHER/DEATH.RLD,10952,4,Adlib,18,19,18,0,0,18,0,16,16,14,50,6
../MEDIT/LAPMUSIC/TFX-FINA/OTHER/INTER.RLD,8762,4,Adlib,7,8,7,0,0,7,0,7,7,18,50,6
../MEDIT/LAPMUSIC/TFX-FINA/OTHER/INTRO.RLD,41088,4,Adlib,34,35,34,0,0,34,0,8,8,34,50,4
../MEDIT/LAPMUSIC/TFX-FINA/OTHER/LIBYA.RLD,18640,4,Adlib,11,12,11,0,0,11,0,7,7,16,50,6
../MEDIT/LAPMUSIC/TFX-FINA/OTHER/NEWS.RLD,9060,4,Adlib,13,14,13,0,0,13,0,7,7,10,50,6
../MEDIT/LAPMUSIC/TFX-FINA/OTHER/OCEAN.RLD,6284,4,Adlib,6,7,6,0,0,6,0,12,12,10,50,4
../MEDIT/LAPMUSIC/TFX-FINA/OTHER/SOMALIA.RLD,9012,4,Adlib,9,10,9,0,0,9,0,10,10,20,50,6
../MEDIT/LAPMUSIC/TFX-FINA/OTHER/YUGO.RLD,18512,4,Adlib,14,15,14,0,0,14,0,16,16,25,50,8
../MEDIT/SAVAGE/BOSCBMT.SCC,5404,8,MIDI,5,6,0,5,0,0,5,5,5,12,33,6
../MEDIT/SAVAGE/CAVES.SCC,6690,8,MIDI,4,5,0,4,0,0,4,5,5,9,33,6
../MEDIT/SAVAGE/CAVES2.SCC,6370,8,MIDI,4,5,0,4,0,0,4,5,5,9,33,6
../MEDIT/SAVAGE/COMP.SCC,6172,8,MIDI,6,7,0,6,0,0,6,8,8,18,33,6
../MEDIT/SAVAGE/DEAT.SCC,1598,8,MIDI,4,5,0,4,0,0,4,5,5,1,33,6
../MEDIT/SAVAGE/DEAT2.SCC,1598,8,MIDI,4,5,0,4,0,0,4,5,5,1,33,6
../MEDIT/SAVAGE/DEATH.SCC,1598,8,MIDI,4,5,0,4,0,0,4,5,5,1,33,6
../MEDIT/SAVAGE/INSIDE.SCC,1032,8,MIDI,1,2,0,1,0,0,1,6,6,1,33,6
../MEDIT/SAVAGE/INSIDE2.SCC,2990,8,MIDI,6,7,0,6,0,0,6,3,3,4,33,6
../MEDIT/SAVAGE/INSIDE3.SCC,12434,8,MIDI,7,8,0,7,0,0,7,6,6,17,50,5
../MEDIT/SAVAGE/INSODE5.SCC,9526,8,MIDI,6,8,0,6,0,0,6,6,6,12,33,6
../MEDIT/SAVAGE/INTRO.SCC,3370,8,MIDI,3,4,0,3,0,0,3,6,6,5,33,6
../MEDIT/SAVAGE/KTOL.SCC,3268,8,MIDI,5,6,0,5,0,0,5,5,5,8,33,6
../MEDIT/SAVAGE/REGCMB.SCC,4978,8,MIDI,6,9,0,6,0,0,6,5,5,12,33,6
../MEDIT/SAVAGE/TITL.SCC,5262,8,MIDI,7,9,0,7,0,0,7,7,7,10,20,6
../MEDIT/SAVAGE/WALK4.SCC,12178,8,MIDI,7,8,0,7,0,0,7,6,6,17,50,5
../MEDIT/SAVAGE/WALKIN2.SCC,4974,8,MIDI,4,5,0,4,0,0,4,6,6,11,33,6
../MEDIT/SAVAGE/WALKIN3.SCC,2170,8,MIDI,4,5,0,4,0,0,4,4,4,4,33,6
../MEDIT/SAVAGE/WALKING.SCC,790,8,MIDI,1,1,0,1,0,0,0,4,4,2,33,6
../MEDIT/SCC1MUSI/ACDC.SCC,20044,8,MIDI,20,21,0,20,0,0,20,8,8,30,50,5
../MEDIT/SCC1MUSI/BILLY.SCC,2954,8,MIDI,3,4,0,3,0,0,3,4,4,6,33,6
../MEDIT/SCC1MUSI/BLACK.SCC,6656,8,MIDI,20,21,0,20,0,0,20,8,8,6,50,6
../MEDIT/SCC1MUSI/BLOODY.SCC,4068,8,MIDI,5,6,0,5,0,0,5,7,7,6,33,6
../MEDIT/SCC1MUSI/DEATH.SCC,10420,8,Mixed,18,19,5,13,0,5,13,16,16,15,50,6
../MEDIT/SCC1MUSI/DENVER.SCC,3792,8,MIDI,6,7,0,6,0,0,6,4,4,5,33,6
../MEDIT/SCC1MUSI/FAWLTY.SCC,2984,8,MIDI,2,3,0,2,0,0,2,4,4,10,33,6
../MEDIT/SCC1MUSI/GUITAR.SCC,5102,8,Mixed,14,15,8,6,0,8,6,3,3,3,33,6
../MEDIT/SCC1MUSI/HELLS.SCC,5818,8,MIDI,20,21,0,20,0,0,20,8,8,4,33,6
../MEDIT/SCC1MUSI/INTER.SCC,7854,8,Mixed,7,8,1,6,0,1,6,7,7,18,50,6
../MEDIT/SCC1MUSI/INTERCPT.RLD,1988,8,MIDI,3,4,0,3,0,0,3,5,5,2,33,6
../MEDIT/SCC1MUSI/JAMIE.SCC,2490,8,MIDI,3,4,0,3,0,0,3,4,4,6,33,6
../MEDIT/SCC1MUSI/JUNGLE.RLD,22866,8,Mixed,12,32,8,4,0,8,4,7,7,26,50,6
../MEDIT/SCC1MUSI/JUNGLE2.RLD,11684,8,MIDI,8,9,0,8,0,0,8,7,7,28,50,8
../MEDIT/SCC1MUSI/JURFX.SCC,2658,8,Mixed,12,32,4,8,4,0,8,2,2,10,50,6
../MEDIT/SCC1MUSI/REGREV.SCC,1522,8,MIDI,1,1,0,1,0,0,0,3,3,2,33,6
../MEDIT/SCC1MUSI/TUNNELS.AP,16306,4,Mixed,12,13,10,2,0,10,2,7,7,20,50,9
../MEDIT/SCC1MUSI/TUNNELS.SC1,14982,8,MIDI,12,13,0,12,0,0,12,7,7,20,50,9
../MEDIT/SCC1MUSI/UNTITLED.MED,12242,8,MIDI,10,11,0,10,0,0,10,6,6,18,49,6
../MEDIT/SCC1MUSI/SLEEP/AMIGA.SCC,2180,8,MIDI,2,14,0,2,0,0,2,4,4,4,33,6
../MEDIT/SCC1MUSI/SLEEP/AMIGA2.SCC,2804,8,MIDI,3,4,0,3,0,0,3,6,6,3,33,6
../MEDIT/SCC1MUSI/SLEEP/BUILD2.SCC,34638,8,MIDI,16,17,0,16,0,0,16,8,8,23,50,10
../MEDIT/SCC1MUSI/SLEEP/BUILD3.SCC,28228,8,MIDI,19,20,0,19,0,0,19,8,8,23,50,10
../MEDIT/SCC1MUSI/SLEEP/BUILDING.SCC,18288,8,MIDI,13,15,0,13,0,0,13,9,7,47,50,6
../MEDIT/SCC1MUSI/SLEEP/CHEESY.SCC,18712,8,MIDI,11,12,0,11,0,0,11,16,16,41,50,6
../MEDIT/SCC1MUSI/SLEEP/DEAN.SCC,22806,8,MIDI,12,16,0,12,0,0,12,16,16,42,50,5
../MEDIT/SCC1MUSI/SLEEP/FACTORY.SCC,11854,8,MIDI,14,15,0,14,0,0,14,10,10,11,33,6
../MEDIT/SCC1MUSI/SLEEP/FACTORY2.SCC,24338,8,MIDI,16,17,0,16,0,0,16,10,10,30,33,6
../MEDIT/SCC1MUSI/SLEEP/LUULL.SCC,9144,8,MIDI,11,12,0,11,0,0,11,7,7,16,53,9
../MEDIT/SCC1MUSI/SLEEP/SPOOK.SC,18566,8,MIDI,16,17,0,16,0,0,16,8,8,38,50,6
../MEDIT/SCC1MUSI/SLEEP/SPOOK.SCC,18566,8,MIDI,16,17,0,16,0,0,16,8,8,38,50,6
../MEDIT/SCC1MUSI/SLEEP/TOWN.SC1,14764,8,MIDI,12,13,0,12,0,0,12,7,7,31,50,9
../MEDIT/SCC1MUSI/SLEEP/TOWN2.SC1,34650,8,MIDI,23,24,0,23,0,0,23,8,8,38,50,6
../MEDIT/SCC1MUSI/SLEEP/TOWN3.SC1,34650,8,MIDI,23,24,0,23,0,0,23,8,8,34,50,6
../MEDIT/SCC1MUSI/SLEEP/UNTITLED.MED,1532,8,MIDI,1,2,0,1,0,0,1,3,3,4,33,6
../MEDIT/SCC1MUSI/SLEEP/ZOO.RLD,32468,8,MIDI,13,20,0,13,0,0,13,7,7,34,50,6
../MEDIT/SCC1MUSI/TFX/ANARCHY.RLD,24182,8,Mixed,28,32,22,6,0,23,5,7,7,35,50,6
../MEDIT/SCC1MUSI/TFX/COLUMBIA.SCC,14618,8,Mixed,16,17,10,6,0,10,6,14,14,16,50,6
../MEDIT/SCC1MUSI/TFX/DEATH.SCC,10636,8,Mixed,14,15,1,13,0,1,13,16,16,15,50,6
../MEDIT/SCC1MUSI/TFX/ENROL.SCC,11012,8,Mixed,21,22,13,8,0,13,8,8,8,12,50,6
../MEDIT/SCC1MUSI/TFX/INTER.SCC,7854,8,Mixed,7,8,1,6,0,1,6,7,7,18,50,6
../MEDIT/SCC1MUSI/TFX/INTRO.SCC,35902,8,MIDI,20,21,0,20,0,0,20,8,8,35,50,4
../MEDIT/SCC1MUSI/TFX/LIBYA.SCC,20536,8,Mixed,12,19,6,6,0,6,6,8,8,17,50,6
../MEDIT/SCC1MUSI/TFX/NEWS.SCC,8890,8,Mixed,14,15,6,8,0,6,8,8,8,13,50,7
../MEDIT/SCC1MUSI/TFX/OCEAN.SCC,5782,8,MIDI,6,7,0,6,0,0,6,12,12,11,50,4
../MEDIT/SCC1MUSI/TFX/SOMALIA.SCC,8720,8,Mixed,9,10,1,8,0,1,8,10,10,20,50,6
../MEDIT/SCC1MUSI/TFX/YUGO.SCC,23642,8,Mixed,14,15,8,6,0,8,6,16,16,26,50,8
../MEDIT/SCC1MUSI/TFX/FLYING/SEABATLE.SCC,24400,8,Mixed,24,43,16,8,0,16,8,10,10,21,50,6
../MEDIT/SCC1MUSI/TFX/FLYING/X-9TUNES.SCC,20792,8,Mixed,44,45,24,20,0,24,20,8,8,9,50,6
../MEDIT/SCC1MUSI/TFX/FLYING/XANDBATL.SCC,21084,8,Mixed,27,44,20,7,0,20,7,8,8,13,50,6
../MEDIT/SCC1MUSI/TFX/FLYING/XARITIME.SCC,34422,8,Mixed,22,23,10,12,0,10,12,16,16,27,50,6
../MEDIT/SCC1MUSI/TFX/FLYING/XEFSUPP.SCC,21198,8,Mixed,12,13,4,8,0,4,8,8,8,32,50,6
../MEDIT/SCC1MUSI/TFX/FLYING/XIRBATTL.SCC,20884,8,Mixed,14,15,4,10,0,4,10,8,8,13,50,6
../MEDIT/SCC1MUSI/TFX/FLYING/XIRSUPER.SCC,24838,8,MIDI,17,18,0,17,0,0,17,8,8,21,50,6
../MEDIT/SCC1MUSI/TFX/FLYING/XLOSEAIR.SCC,19364,8,Mixed,14,15,2,12,0,2,12,8,8,27,50,6
../MEDIT/SCC1MUSI/TFX/FLYING/XNTERCEP.SCC,31354,8,Mixed,33,44,20,13,0,20,13,8,8,16,50,7
../MEDIT/SCC1MUSI/TFX/FLYING/XNTERDCT.SCC,26598,8,Mixed,23,24,7,16,0,7,16,14,14,21,50,6
../MEDIT/SCC1MUSI/TFX/FLYING/XNTIARMR.SCC,17520,8,Mixed,16,17,8,8,0,8,8,8,8,24,50,7
../MEDIT/SCC1MUSI/TFX/FLYING/XSUCC.SCC,22418,8,Mixed,44,45,33,11,0,33,11,8,8,10,50,6
../MEDIT/SCC1MUSI/TFX/FLYING/XUNSUC.SCC,16524,8,Mixed,12,13,1,11,0,1,11,7,7,10,50,6
